{
    "states": [
        [
            0,
            20,
            40,
            60,
            80
        ],
        [
            0,
            20,
            40,
            60,
            80
        ]
    ],
    "controls": [
        "2g",
        "3g"
    ],
    "gamma": 0.6,
    "transition_probabilities": {
        "2g": 0.05,
        "3g": 0.1
    },
    "observations": {
        "0": {
            "40": {
                "3g": {
                    "mean": [
                        132432.790359,
                        481695.568401,
                        96543.734312,
                        100280.786201,
                        111681.929864
                    ]
                },
                "2g": {
                    "mean": [
                        21066.823966,
                        22093.588441,
                        13521.187701,
                        19860.184303,
                        7980.654893
                    ]
                }
            },
            "0": {
                "3g": {
                    "mean": [
                        1044932.079415,
                        1036269.430052,
                        3322259.136213,
                        213903.743316,
                        244439.012466
                    ]
                },
                "2g": {
                    "mean": [
                        8657.933698,
                        18210.292457,
                        45572.61997,
                        26848.520647,
                        148478.09948
                    ]
                }
            },
            "80": {
                "3g": {
                    "mean": [
                        443066.016837,
                        660066.006601,
                        523012.552301,
                        87535.014006,
                        84061.869536
                    ]
                }
            },
            "20": {
                "3g": {
                    "mean": [
                        798722.044728,
                        394011.032309,
                        9208.4423,
                        221043.324492,
                        103327.133705
                    ]
                },
                "2g": {
                    "mean": [
                        28826.751225,
                        31540.766441,
                        33763.252076,
                        50090.162292,
                        35373.187124
                    ]
                }
            },
            "60": {
                "3g": {
                    "mean": [
                        108178.277802,
                        71154.119824,
                        95858.895706,
                        99950.024988,
                        150127.608467
                    ]
                },
                "2g": {
                    "mean": [
                        7261.214946,
                        2656.028388,
                        2077.360921,
                        15764.913608,
                        12505.158378
                    ]
                }
            }
        },
        "20": {
            "60": {
                "2g": {
                    "mean": [
                        16448.450556,
                        3844.320401,
                        10859.060257,
                        3354.061433,
                        3299.437116
                    ]
                }
            },
            "80": {
                "2g": {
                    "mean": [
                        12055.309761,
                        12598.583919,
                        57058.085131,
                        14568.976821,
                        18229.546449
                    ]
                }
            }
        }
    }
}


