{
    "states": [
        [
            0,
            20,
            40,
            60,
            80
        ],
        [
            0,
            20,
            40,
            60,
            80
        ]
    ],
    "controls": [
        "2g",
        "3g"
    ],
    "gamma": 0.6,
    "transition_probabilities": {
        "2g": 0.05,
        "3g": 0.1
    },
    "observations": {
        "0": {
            "0": {
                "3g": {
                    "mean": [
                        3.8
                    ],
                    "1.00775186157644": [
                        4.12
                    ],
                    "2.00775186157644": [
                        5.12
                    ]
                },
                "2g": {
                    "mean": [
                        3.16
                    ],
                    "1.00775186157644": [
                        3.36
                    ],
                    "2.00775186157644": [
                        2.36
                    ]
                }
            }
        },
        "20": {
            "20": {
                "3g": {
                    "mean": [
                        6.36
                    ],
                    "1.00775186157644": [
                        6.99
                    ],
                    "2.00775186157644": [
                        7.99
                    ]
                },
                "2g": {
                    "mean": [
                        3.14
                    ],
                    "1.00775186157644": [
                        3.34
                    ],
                    "2.00775186157644": [
                        2.34
                    ]
                }
            }
        },
        "40": {
            "40": {
                "3g": {
                    "mean": [
                        7.41
                    ],
                    "1.00775186157644": [
                        7.41
                    ],
                    "2.00775186157644": [
                        7.41
                    ]
                },
                "2g": {
                    "mean": [
                        6.34
                    ],
                    "1.00775186157644": [
                        6.89
                    ],
                    "2.00775186157644": [
                        5.89
                    ]
                }
            }
        },
        "60": {
            "60": {
                "3g": {
                    "mean": [
                        8.74
                    ],
                    "1.00775186157644": [
                        8.78
                    ],
                    "2.00775186157644": [
                        8.78
                    ]
                },
                "2g": {
                    "mean": [
                        4.94
                    ],
                    "1.00775186157644": [
                        4.95
                    ],
                    "2.00775186157644": [
                        3.95
                    ]        
                }
            }
        },
        "80": {
            "80": {
                "3g": {
                    "mean": [
                        18.46
                    ],
                    "1.00775186157644": [
                        17.85
                    ],
                    "2.00775186157644": [
                        16.85
                    ]
                },
                "2g": {
                    "mean": [
                        3.94
                    ],
                    "1.00775186157644": [
                        4.21
                    ],
                    "2.00775186157644": [
                        3.21
                    ]
                }
            }
        }
    }
}
