{
    "states": [
        [
            0,
            20,
            40,
            60,
            80
        ],
        [
            0,
            20,
            40,
            60,
            80
        ]
    ],
    "controls": [
        "2g",
        "3g"
    ],
    "gamma": 0.6,
    "transition_probabilities": {
        "2g": 0.05,
        "3g": 0.1
    },
    "observations": {
        "0": {
            "0": {
                "3g": {
                    "mean": [
                        2757.713623046875
                    ],
                    "1.00775186157644": [
                        2756.718505859375
                    ]
                },
                "2g": {
                    "mean": [
                        1838.4757486979165
                    ],
                    "1.00775186157644": [
                        1837.8123372395833
                    ]
                }
            }
        },
        "20": {
            "20": {
                "3g": {
                    "mean": [
                        2847.168701171875
                    ],
                    "1.00775186157644": [
                        2846.385986328125
                    ]
                },
                "2g": {
                    "mean": [
                        1898.1124674479165
                    ],
                    "1.00775186157644": [
                        1897.5906575520833
                    ]
                }
            }
        },
        "40": {
            "40": {
                "3g": {
                    "mean": [
                        2966.526611328125
                    ],
                    "1.00775186157644": [
                        2965.440185546875
                    ]
                },
                "2g": {
                    "mean": [
                        1977.6844075520833
                    ],
                    "1.00775186157644": [
                        1976.9601236979165
                    ]
                }
            }
        },
        "60": {
            "60": {
                "3g": {
                    "mean": [
                        3138.09033203125
                    ],
                    "1.00775186157644": [
                        3136.920654296875
                    ]
                },
                "2g": {
                    "mean": [
                        2092.0602213541665
                    ],
                    "1.00775186157644": [
                        2091.2804361979165
                    ]        
                }
            }
        },
        "80": {
            "80": {
                "3g": {
                    "mean": [
                        3422.64892578125
                    ],
                    "1.00775186157644": [
                        3421.311767578125
                    ]
                }
            }
        }
    }
}
